{
  "name": "Alert",
  "form": "d1c5c4be-1517-4352-9872-a4603c60e00a",
  "blocks": [
    {
      "id": "79717d5f-8f2a-4b57-a247-77ca1ca0edae",
      "label": "Acknowledge",
      "environment": "HOSTED",
      "presentation": "{}",
      "step": "7ccc2e60-b9cc-43cb-b1e6-98fdc80a8527",
      "stepType": "INTEGRATION"
    },
    {
      "id": "b8ccf5f4-9abc-4080-ab80-de8be9e5ed86",
      "label": "Alert - Inbound from Instana",
      "environment": "HOSTED",
      "presentation": "{\"w\":60,\"x\":0,\"h\":60,\"y\":40}",
      "step": "de51442b-0789-49d4-97fb-6910eae5726e",
      "stepType": "INTEGRATION"
    },
    {
      "id": "6c6b3b32-2cb2-455c-8207-5aaa039483ae",
      "label": "Create Event - Alert",
      "environment": "HOSTED",
      "presentation": "{\"w\":60,\"x\":660,\"h\":60,\"y\":190}",
      "step": "d1c5c4be-1517-4352-9872-a4603c60e00a",
      "stepType": "CREATE_EVENT",
      "inputMappings": [
        {
          "inputPort": "input",
          "mapping": "${b8ccf5f4-9abc-4080-ab80-de8be9e5ed86.entity}",
          "sectionItemKey": "7bb5984d-9d88-4a2c-bba8-abc65940232e"
        },
        {
          "inputPort": "input",
          "mapping": "${b8ccf5f4-9abc-4080-ab80-de8be9e5ed86.containerNames}",
          "sectionItemKey": "d7a7328a-2d34-4b5f-9ff3-768b9a219198"
        },
        {
          "inputPort": "input",
          "mapping": "${b8ccf5f4-9abc-4080-ab80-de8be9e5ed86.severity}",
          "sectionItemKey": "705c4524-c58e-49b5-b98f-80ff315b90b3"
        },
        {
          "inputPort": "input",
          "mapping": "${b8ccf5f4-9abc-4080-ab80-de8be9e5ed86.fqdn}",
          "sectionItemKey": "29af38d1-4776-43e7-a430-1289998ebc46"
        },
        {
          "inputPort": "input",
          "mapping": "${b8ccf5f4-9abc-4080-ab80-de8be9e5ed86.container}",
          "sectionItemKey": "823624f1-3900-4da9-a5f0-150a9d4480bf"
        },
        {
          "inputPort": "input",
          "mapping": "${b8ccf5f4-9abc-4080-ab80-de8be9e5ed86.link}",
          "sectionItemKey": "5c6e515d-37c6-4c16-a918-7a1dc840257f"
        },
        {
          "inputPort": "input",
          "mapping": "${b8ccf5f4-9abc-4080-ab80-de8be9e5ed86.state}",
          "sectionItemKey": "2d36ddaa-8daa-4362-a02a-e6391d21aeff"
        },
        {
          "inputPort": "input",
          "mapping": "${b8ccf5f4-9abc-4080-ab80-de8be9e5ed86.tags}",
          "sectionItemKey": "383049f3-fba9-4962-bb94-6acfcb81e1e5"
        },
        {
          "inputPort": "input",
          "mapping": "${b8ccf5f4-9abc-4080-ab80-de8be9e5ed86.zone}",
          "sectionItemKey": "901f8886-c9b9-4f08-b3c7-133574d8996f"
        },
        {
          "inputPort": "input",
          "mapping": "ipugh",
          "sectionItemKey": "recipients"
        },
        {
          "inputPort": "input",
          "mapping": "${b8ccf5f4-9abc-4080-ab80-de8be9e5ed86.id}",
          "sectionItemKey": "8db981ab-0382-42a0-b8e0-b24fda034a5c"
        },
        {
          "inputPort": "input",
          "mapping": "${b8ccf5f4-9abc-4080-ab80-de8be9e5ed86.customZone}",
          "sectionItemKey": "81258808-d585-4f0f-8e80-bc09743bf42e"
        },
        {
          "inputPort": "input",
          "mapping": "${b8ccf5f4-9abc-4080-ab80-de8be9e5ed86.suggestion}",
          "sectionItemKey": "9d5608db-4b0c-4855-bc7e-8d6fa2d470cc"
        },
        {
          "inputPort": "input",
          "mapping": "${b8ccf5f4-9abc-4080-ab80-de8be9e5ed86.service}",
          "sectionItemKey": "dfd4f33a-5dcf-487f-aa6a-2cd9c8897560"
        },
        {
          "inputPort": "input",
          "mapping": "${b8ccf5f4-9abc-4080-ab80-de8be9e5ed86.text}",
          "sectionItemKey": "815bea71-643e-49ba-ae8b-1b86b9b2d2be"
        },
        {
          "inputPort": "input",
          "mapping": "${b8ccf5f4-9abc-4080-ab80-de8be9e5ed86.availabilityZone}",
          "sectionItemKey": "b79b0b56-9f13-49c5-b51e-389067c202e6"
        },
        {
          "inputPort": "input",
          "mapping": "${b8ccf5f4-9abc-4080-ab80-de8be9e5ed86.type}",
          "sectionItemKey": "beab52b4-3450-4b59-ba56-35e4c709ed41"
        },
        {
          "inputPort": "input",
          "mapping": "${b8ccf5f4-9abc-4080-ab80-de8be9e5ed86.entityLabel}",
          "sectionItemKey": "85404fdf-70f0-4a76-a5d0-da0887998304"
        },
        {
          "inputPort": "input",
          "mapping": "${f301a32d-49a4-466f-a7aa-c6dd4d5f235b.formattedDate}",
          "sectionItemKey": "a0840a73-ee7f-4ac6-b915-dd25aacb59e5"
        },
        {
          "inputPort": "input",
          "mapping": "${b8ccf5f4-9abc-4080-ab80-de8be9e5ed86.entityType}",
          "sectionItemKey": "57d01486-3539-4f2b-b75c-31c1df39e2db"
        }
      ]
    },
    {
      "id": "08eead5d-df60-4bdd-9033-23ab989b8533",
      "label": "Escalate",
      "environment": "HOSTED",
      "presentation": "{}",
      "step": "9a2c5ef0-e98f-42a4-849a-3f12b81fa049",
      "stepType": "INTEGRATION"
    },
    {
      "id": "88b1c434-dcd1-496c-b86f-774446d7a73e",
      "label": "Get Events",
      "environment": "HOSTED",
      "presentation": "{\"w\":60,\"x\":440,\"h\":60,\"y\":340}",
      "step": "f36cf6ba-2225-5cb3-831f-030a05527c72",
      "stepType": "SCRIPT_STEP",
      "inputMappings": [
        {
          "inputPort": "input",
          "mapping": "id#en",
          "stepInput": "72cd05cc-dfe2-5933-b85c-edcf1df9f56f"
        },
        {
          "inputPort": "input",
          "mapping": "${b8ccf5f4-9abc-4080-ab80-de8be9e5ed86.id}",
          "stepInput": "b58893a5-ffaf-502d-982b-613dcd7b2232"
        },
        {
          "inputPort": "input",
          "mapping": "TRUE",
          "stepInput": "3bb89cc9-b89f-5291-9c54-1da7bc6c051a"
        },
        {
          "inputPort": "input",
          "mapping": "Alert",
          "stepInput": "a6262279-d10d-5708-a7b9-1734f8c52ec2"
        }
      ]
    },
    {
      "id": "f301a32d-49a4-466f-a7aa-c6dd4d5f235b",
      "label": "Moment - Convert Time",
      "environment": "HOSTED",
      "presentation": "{\"w\":60,\"x\":440,\"h\":60,\"y\":190}",
      "step": "412f7fec-e67a-4bd8-b579-9e6201fcffa4",
      "stepType": "SCRIPT_STEP",
      "inputMappings": [
        {
          "inputPort": "input",
          "mapping": "${b8ccf5f4-9abc-4080-ab80-de8be9e5ed86.start}",
          "stepInput": "d77298bb-6bb5-4d38-ac47-b90c190d08dc"
        },
        {
          "inputPort": "input",
          "mapping": "America/New_York",
          "stepInput": "dbbaa114-56c1-49e8-b317-a9bb6d751cf8"
        },
        {
          "inputPort": "input",
          "mapping": "true",
          "stepInput": "35c725b6-734e-4938-b93e-1ae593c0a562"
        },
        {
          "inputPort": "input",
          "mapping": "lll",
          "stepInput": "431bb386-4c68-4645-af66-849db345a74f"
        }
      ]
    },
    {
      "id": "76039827-b3a4-4750-9768-15daae701e88",
      "label": "Responses",
      "environment": "HOSTED",
      "presentation": "{\"w\":100,\"x\":0,\"h\":50,\"y\":873}",
      "stepType": "RESPONSES"
    },
    {
      "id": "dec3a5c0-f6ed-4802-8e95-5fc3e3554140",
      "label": "Switch",
      "environment": "HOSTED",
      "presentation": "{\"w\":60,\"x\":660,\"h\":60,\"y\":355}",
      "stepType": "SWITCH",
      "inputMappings": [
        {
          "inputPort": "input",
          "mapping": "${88b1c434-dcd1-496c-b86f-774446d7a73e.Total Event Count}"
        }
      ],
      "switchCases": [
        {
          "caseId": "2b87060f-8359-491d-904a-386902ded145",
          "caseValue": "0"
        }
      ]
    },
    {
      "id": "f771c3c1-cad1-4ba4-9f45-bc11a77f27ba",
      "label": "Switch",
      "environment": "HOSTED",
      "presentation": "{\"w\":60,\"x\":220,\"h\":60,\"y\":55}",
      "stepType": "SWITCH",
      "inputMappings": [
        {
          "inputPort": "input",
          "mapping": "${b8ccf5f4-9abc-4080-ab80-de8be9e5ed86.state}"
        }
      ],
      "switchCases": [
        {
          "caseId": "96376afd-3949-423c-921d-40feb2336000",
          "caseValue": "OPEN"
        },
        {
          "caseId": "132bc03d-4e68-409a-9a03-098bfea5e0d4",
          "caseValue": "CLOSED"
        }
      ]
    },
    {
      "id": "0110c0d3-6df2-4a3a-a9cd-1025ab3354d4",
      "label": "Terminate Events",
      "environment": "HOSTED",
      "presentation": "{\"w\":60,\"x\":880,\"h\":60,\"y\":640}",
      "step": "798e3053-b4b4-5e8c-ba84-8a11c3be6237",
      "stepType": "SCRIPT_STEP",
      "inputMappings": [
        {
          "inputPort": "input",
          "mapping": "${88b1c434-dcd1-496c-b86f-774446d7a73e.Event IDs}",
          "stepInput": "4fdf2591-4925-5682-8911-f0163d7f98dd"
        }
      ]
    }
  ],
  "edges": [
    {
      "fromBlock": "88b1c434-dcd1-496c-b86f-774446d7a73e",
      "fromPort": "output",
      "toBlock": "dec3a5c0-f6ed-4802-8e95-5fc3e3554140",
      "toPort": "input"
    },
    {
      "fromBlock": "b8ccf5f4-9abc-4080-ab80-de8be9e5ed86",
      "fromPort": "output",
      "toBlock": "f771c3c1-cad1-4ba4-9f45-bc11a77f27ba",
      "toPort": "input"
    },
    {
      "fromBlock": "dec3a5c0-f6ed-4802-8e95-5fc3e3554140",
      "fromPort": "output",
      "toBlock": "0110c0d3-6df2-4a3a-a9cd-1025ab3354d4",
      "toPort": "input"
    },
    {
      "fromBlock": "f301a32d-49a4-466f-a7aa-c6dd4d5f235b",
      "fromPort": "output",
      "toBlock": "6c6b3b32-2cb2-455c-8207-5aaa039483ae",
      "toPort": "input"
    },
    {
      "fromBlock": "f771c3c1-cad1-4ba4-9f45-bc11a77f27ba",
      "fromPort": "132bc03d-4e68-409a-9a03-098bfea5e0d4",
      "toBlock": "88b1c434-dcd1-496c-b86f-774446d7a73e",
      "toPort": "input"
    },
    {
      "fromBlock": "f771c3c1-cad1-4ba4-9f45-bc11a77f27ba",
      "fromPort": "96376afd-3949-423c-921d-40feb2336000",
      "toBlock": "f301a32d-49a4-466f-a7aa-c6dd4d5f235b",
      "toPort": "input"
    }
  ]
}