{
  "integrations": [
    {
      "id": "7ccc2e60-b9cc-43cb-b1e6-98fdc80a8527",
      "name": "Alert - Acknowledge",
      "action": "RUN_SCRIPT",
      "type": "OUTBOUND_WEBHOOK",
      "triggeredBy": "RESPONSE",
      "responseChoice": "Acknowledge",
      "deployed": true,
      "form": "d1c5c4be-1517-4352-9872-a4603c60e00a",
      "environment": "HOSTED",
      "authType": "NONE",
      "createdBy": "FLOW"
    },
    {
      "id": "9a2c5ef0-e98f-42a4-849a-3f12b81fa049",
      "name": "Alert - Escalate",
      "action": "RUN_SCRIPT",
      "type": "OUTBOUND_WEBHOOK",
      "triggeredBy": "RESPONSE",
      "responseChoice": "Escalate",
      "deployed": true,
      "form": "d1c5c4be-1517-4352-9872-a4603c60e00a",
      "environment": "HOSTED",
      "authType": "NONE",
      "createdBy": "FLOW"
    },
    {
      "id": "de51442b-0789-49d4-97fb-6910eae5726e",
      "name": "Alert - Inbound from Instana",
      "action": "RUN_SCRIPT",
      "type": "INBOUND_WEBHOOK",
      "deployed": true,
      "form": "d1c5c4be-1517-4352-9872-a4603c60e00a",
      "environment": "HOSTED",
      "authType": "URL",
      "createdBy": "FLOW",
      "integrationScriptStepUuid": "136c5d68-bcc9-4844-8b09-dbfd426bba51"
    }
  ],
  "endpoints": [],
  "constants": []
}