[
  {
    "baseType": 3,
    "name": "availabilityZone",
    "defaultValue": "",
    "description": "",
    "helpText": "",
    "isSystem": false,
    "minLength": 0,
    "maxLength": 200,
    "validationRegex": "",
    "isValidate": false,
    "uuid": "b79b0b56-9f13-49c5-b51e-389067c202e6"
  },
  {
    "baseType": 3,
    "name": "container",
    "defaultValue": "",
    "description": "",
    "helpText": "",
    "isSystem": false,
    "minLength": 0,
    "maxLength": 200,
    "validationRegex": "",
    "isValidate": false,
    "uuid": "823624f1-3900-4da9-a5f0-150a9d4480bf"
  },
  {
    "baseType": 3,
    "name": "containerNames",
    "defaultValue": "",
    "description": "",
    "helpText": "",
    "isSystem": false,
    "minLength": 0,
    "maxLength": 2000,
    "validationRegex": "",
    "isValidate": false,
    "uuid": "d7a7328a-2d34-4b5f-9ff3-768b9a219198"
  },
  {
    "baseType": 3,
    "name": "customZone",
    "defaultValue": "",
    "description": "",
    "helpText": "",
    "isSystem": false,
    "minLength": 0,
    "maxLength": 200,
    "validationRegex": "",
    "isValidate": false,
    "uuid": "81258808-d585-4f0f-8e80-bc09743bf42e"
  },
  {
    "baseType": 3,
    "name": "entity",
    "defaultValue": "",
    "description": "",
    "helpText": "",
    "isSystem": false,
    "minLength": 0,
    "maxLength": 200,
    "validationRegex": "",
    "isValidate": false,
    "uuid": "7bb5984d-9d88-4a2c-bba8-abc65940232e"
  },
  {
    "baseType": 3,
    "name": "entityLabel",
    "defaultValue": "",
    "description": "",
    "helpText": "",
    "isSystem": false,
    "minLength": 0,
    "maxLength": 200,
    "validationRegex": "",
    "isValidate": false,
    "uuid": "85404fdf-70f0-4a76-a5d0-da0887998304"
  },
  {
    "baseType": 3,
    "name": "entityType",
    "defaultValue": "",
    "description": "",
    "helpText": "",
    "isSystem": false,
    "minLength": 0,
    "maxLength": 100,
    "validationRegex": "",
    "isValidate": false,
    "uuid": "57d01486-3539-4f2b-b75c-31c1df39e2db"
  },
  {
    "baseType": 3,
    "name": "fqdn",
    "defaultValue": "",
    "description": "",
    "helpText": "",
    "isSystem": false,
    "minLength": 0,
    "maxLength": 200,
    "validationRegex": "",
    "isValidate": false,
    "uuid": "29af38d1-4776-43e7-a430-1289998ebc46"
  },
  {
    "baseType": 3,
    "name": "id",
    "defaultValue": "",
    "description": "",
    "helpText": "",
    "isSystem": false,
    "minLength": 0,
    "maxLength": 100,
    "validationRegex": "",
    "isValidate": false,
    "uuid": "8db981ab-0382-42a0-b8e0-b24fda034a5c"
  },
  {
    "baseType": 3,
    "name": "link",
    "defaultValue": "",
    "description": "",
    "helpText": "",
    "isSystem": false,
    "minLength": 0,
    "maxLength": 2000,
    "validationRegex": "",
    "isValidate": false,
    "uuid": "5c6e515d-37c6-4c16-a918-7a1dc840257f"
  },
  {
    "baseType": 3,
    "name": "service",
    "defaultValue": "",
    "description": "",
    "helpText": "",
    "isSystem": false,
    "minLength": 0,
    "maxLength": 200,
    "validationRegex": "",
    "isValidate": false,
    "uuid": "dfd4f33a-5dcf-487f-aa6a-2cd9c8897560"
  },
  {
    "baseType": 3,
    "name": "severity",
    "defaultValue": "",
    "description": "",
    "helpText": "",
    "isSystem": false,
    "minLength": 0,
    "maxLength": 100,
    "validationRegex": "",
    "isValidate": false,
    "uuid": "705c4524-c58e-49b5-b98f-80ff315b90b3"
  },
  {
    "baseType": 3,
    "name": "start",
    "defaultValue": "",
    "description": "",
    "helpText": "",
    "isSystem": false,
    "minLength": 0,
    "maxLength": 100,
    "validationRegex": "",
    "isValidate": false,
    "uuid": "a0840a73-ee7f-4ac6-b915-dd25aacb59e5"
  },
  {
    "baseType": 3,
    "name": "state",
    "defaultValue": "",
    "description": "",
    "helpText": "",
    "isSystem": false,
    "minLength": 0,
    "maxLength": 100,
    "validationRegex": "",
    "isValidate": false,
    "uuid": "2d36ddaa-8daa-4362-a02a-e6391d21aeff"
  },
  {
    "baseType": 3,
    "name": "suggestion",
    "defaultValue": "",
    "description": "",
    "helpText": "",
    "isSystem": false,
    "minLength": 0,
    "maxLength": 2000,
    "validationRegex": "",
    "isValidate": false,
    "uuid": "9d5608db-4b0c-4855-bc7e-8d6fa2d470cc"
  },
  {
    "baseType": 3,
    "name": "tags",
    "defaultValue": "",
    "description": "",
    "helpText": "",
    "isSystem": false,
    "minLength": 0,
    "maxLength": 2000,
    "validationRegex": "",
    "isValidate": false,
    "uuid": "383049f3-fba9-4962-bb94-6acfcb81e1e5"
  },
  {
    "baseType": 3,
    "name": "text",
    "defaultValue": "",
    "description": "",
    "helpText": "",
    "isSystem": false,
    "minLength": 0,
    "maxLength": 2000,
    "validationRegex": "",
    "isValidate": false,
    "uuid": "815bea71-643e-49ba-ae8b-1b86b9b2d2be"
  },
  {
    "baseType": 3,
    "name": "type",
    "defaultValue": "",
    "description": "",
    "helpText": "",
    "isSystem": false,
    "minLength": 0,
    "maxLength": 100,
    "validationRegex": "",
    "isValidate": false,
    "uuid": "beab52b4-3450-4b59-ba56-35e4c709ed41"
  },
  {
    "baseType": 3,
    "name": "zone",
    "defaultValue": "",
    "description": "",
    "helpText": "",
    "isSystem": false,
    "minLength": 0,
    "maxLength": 200,
    "validationRegex": "",
    "isValidate": false,
    "uuid": "901f8886-c9b9-4f08-b3c7-133574d8996f"
  }
]